id,name,checked_on,result,evidence_type,source_url,notes
"osm-way-597394081","Coker A","04/10/2026","Found","Map directory","https://nigeria-streets.openalfa.com/streets/road-1-ife-central-osun","Coker A mapped near Road 1 on OAU campus; map-directory evidence."
"osm-way-617970610","Angola Hall","04/10/2026","Found","University","https://oauife.edu.ng/student-affairs/","Named among OAU halls of residence."
"osm-way-617970630","Mozambique Hall","04/10/2026","Found","University","https://oauife.edu.ng/student-affairs/","Named among OAU halls of residence."
"osm-way-618217519","Awolowo Hall","04/10/2026","Found","University","https://oauife.edu.ng/student-affairs/","Named among OAU halls of residence."
"osm-way-619270924","Moremi Hall","04/10/2026","Found","University","https://oauife.edu.ng/student-affairs/","Named among OAU halls of residence."
"osm-way-619368836","Adekunle Fajuyi Hall of Residence","04/10/2026","Found","University","https://oauife.edu.ng/student-affairs/","Named among OAU halls of residence."
"osm-way-619368837","ETF Hall","04/10/2026","Found","University","https://oauife.edu.ng/student-affairs/","Named among OAU halls of residence."
"osm-way-620253753","Alumni Hall","04/10/2026","Found","University","https://oauife.edu.ng/student-affairs/","Named among OAU halls of residence."
"osm-way-620256439","Postgraduate Hall","04/10/2026","Found","University","https://oauife.edu.ng/student-affairs/","Named among OAU halls of residence."
"osm-way-1115590045","Kufoniyi","04/10/2026","Found","Directory","https://ng.worldorgs.com/catalog/ife/hostel","Kufoniyi Hall listed at Rectas, Adesoji Aderemi Road."
"google-location-lead-akintola-sports-hostel","Akintola","04/10/2026","Found","University","https://oauife.edu.ng/student-affairs/","Named among OAU halls of residence."
"google-location-lead-o-a-u-ctcs-hostel","O.A.U CTCS Hostel","04/10/2026","Found","Directory","https://ng.worldorgs.com/catalog/ife/hostel","O.A.U CTCS Hostel listed in Ife."
"google-location-lead-halsadam-hostel-damico","Halsadam Hostel Damico","04/10/2026","Found","Directory","https://ng.infoaboutcompanies.com/Catalog/Osun/Gbongan/Luxury-Hotel/Halsadam-Hostel-Damico-Ede-Road","Exact hostel name with Ife address."
"google-location-lead-stella-odeyemi-hostel","Stella Odeyemi Hostel","04/10/2026","Found","Directory","https://ng.worldorgs.com/catalog/ife/youth-hostel/stellaodeyemihostel","Maintenance, Ife."
"google-location-lead-ajike-hostel","Ajike Hostel","04/10/2026","Found","Directory","https://ng.worldorgs.com/catalog/ife/hostel/ajikehostel","Maintenance, Ede Road, Ife."
"google-location-lead-bver-hostel","Bver Hostel","04/10/2026","Found","Local reporting","https://www.oaupeeps.org/2023/02/","OAU reporting names Bver hostel; do not confuse with Ago-Iwoye or Moro properties."
"google-location-lead-superb-hostel","Superb Hostel","04/10/2026","Found","Business address","https://selar.com/m/zeuscreative","Business address references Superb hostel in Oduduwa Estate, Ile-Ife."
"google-location-lead-ehi-hostel","EHI Hostel","04/10/2026","Found","Directory","https://ng.worldorgs.com/catalog/ife/hostel","EHI Hostel listed in Ife."
"google-location-lead-roots-international-hostel","Roots International Hostel","04/10/2026","Found","Directory","https://ng.worldorgs.com/catalog/ife/hostel","Roots International Hostel listed at 12 Olubuse Street, Ife."
"google-location-lead-nabeel-house-aserifa","Nabeel House Aserifa","04/10/2026","Not found","None","","No useful local match found after exact-name and variant searches. This does not establish nonexistence."
"google-location-lead-goshen-hostel-moremi-estate","Goshen Hostel Moremi Estate","04/10/2026","Found","Directory","https://ng.worldorgs.com/catalog/ife/homestay/goshenhostelmoremiestate","Exact hostel and Moremi Estate match."
"google-location-lead-julibay-hostel-moremi-estate","Julibay Hostel Moremi Estate","04/10/2026","Found","Directory","https://ng.worldorgs.com/catalog/ife/homestay/julibayhostelmoremiestate","Exact hostel and Moremi Estate match."
"google-location-lead-korede-hostel","Korede Hostel","04/10/2026","Found","Directory","https://www.cybo.com/NG/modakeke/hostels/?p=10","Search index lists Korede Hostel, Moremi Estate, Ife; page fetch unavailable."
"google-location-lead-bado-hostel-moremi-estate","Bado Hostel, Moremi Estate","04/10/2026","Not found","None","","No useful local match found after exact-name and variant searches. This does not establish nonexistence."
"google-location-lead-sha-dey-rin-hostel","SHA-DEY-RIN Hostel","04/10/2026","Not found","None","","No useful local match found after exact-name and variant searches. This does not establish nonexistence."
"google-location-lead-kings-and-queens-hostel","Kings And Queens Hostel","04/10/2026","Found","Directory","https://ng.worldorgs.com/catalog/ife/hostel/kingsandqueenshostel","Ife listing; address and review road descriptions differ."
"google-location-lead-christianah-hostel","Christianah Hostel","04/10/2026","Found","Directory","https://www.cybo.com/NG/ife/hostels/?p=2","Christianah Hostel listed in Ife."
"google-location-lead-royal-crown-hostel","Royal Crown Hostel","04/10/2026","Found","Directory","https://ng.worldorgs.com/catalog/ife/hostel/royalcrownhostel","Ife directory match; unrelated Indian operator website excluded."
"google-location-lead-grinland-hostel","Grinland Hostel","04/10/2026","Uncertain","Directory","https://www.top-rated.online/countries/Nigeria/cities/Asipa/all","Regional directory mentions Grinland, but exact address and Greenland spelling not resolved."
"google-location-lead-maintenance-hostel-ebenezer","Maintenance Hostel (Ebenezer)","04/10/2026","Found","Photo catalogue","https://commons.wikimedia.org/wiki/Category:WUGN_OAU_PHOTO_WALK_2026","Photo catalogue names Ebenezer Hostel at OAU Maintenance."
"google-location-lead-fine-touch-private-hostel","Fine Touch Private Hostel","04/10/2026","Found","Directory","https://ng.worldorgs.com/catalog/ife/hostel/finetouchprivatehostel","21 Ede Road, Ife."
"google-location-lead-unifecs-hostel-ife","Unifecs Hostel Ife","04/10/2026","Found","Directory","https://ng.worldorgs.com/catalog/ife/hostel/unifecshostelife","Ede Road, Ife."
"google-location-lead-rectas-hostel","Rectas Hostel","04/10/2026","Found","Business address","https://store.solakat.com.ng/about","Business lists Ife office at Rectas Hostel, OAU Campus Gate, Ede Road."
"google-location-lead-god-s-heritage-house","God's Heritage House","04/10/2026","Found","Directory","https://www.goafricaonline.com/ng/1023946-god-s-heritage-house-student-s-hostel","Specific match in Adesanmi Layout, Oduduwa Estate, Ife."
"google-location-lead-adedotun-adetayo-sijuade-hostel","Adedotun Adetayo Sijuade Hostel","04/10/2026","Not found","None","","No useful local match found after exact-name and variant searches. This does not establish nonexistence."
"google-location-lead-yeyemolu-hostel","Yeyemolu Hostel","04/10/2026","Not found","None","","No useful local match found after exact-name and variant searches. This does not establish nonexistence."
"google-location-lead-princess-hostel","Princess Hostel","04/10/2026","Found","Directory","https://ng.worldorgs.com/catalog/ife/hostel/princesshostel","Damico, adjacent Block Industry, Ife."
"google-location-lead-emerald-hostel","Emerald Hostel","04/10/2026","Found","Directory","https://www.goafricaonline.com/ng/directory/hostels-%7Bmain_city%7D-%7Bcountry%7D?p=13","Emerald hostel on Mayfair Road, Ife; Malete/Lagos results excluded."
"google-location-lead-adeshakin-hostel","Adeshakin Hostel","04/10/2026","Found","Directory","https://www.cybo.com/NG/modakeke/hostels/?p=10","Search index lists Adeshakin Hostel, FGXC+WMP, Ife; page fetch unavailable."
"google-location-lead-the-awesome-god-hostel","The Awesome God Hostel","04/10/2026","Uncertain","Nearby business address","https://xn--l3cga1amo9al2e5c0fqf.cybo.com/NG/osogbo/youth-clothing-store","Nearby business address mentions Awesome God hostel in Ajebamidele, Ile-Ife; indirect evidence only."
"google-location-lead-his-grace-student-hostel","His Grace Student Hostel","04/10/2026","Found","Directory","https://ng.worldorgs.com/catalog/ife/hostel/hisgracestudenthostel","Ibadan-Ife Road, Ife."
"google-location-lead-wisdom-hostel","Wisdom Hostel","04/10/2026","Uncertain","Directory","https://ng.worldorgs.com/catalog/ife/apartment-building/wisdomhostel","This page says Parakin Road; hostel category also lists Old Ibadan Road. Exact property unresolved."
"google-location-lead-makarios-hostel","Makarios Hostel","04/10/2026","Found","Operator","https://makarioshostel.com/","Operator website gives Plot 124, Oroki Street, Koiwo Layout, Ife."
"google-location-lead-happyland-hostel","Happyland Hostel","04/10/2026","Found","Directory","https://www.cybo.com/NG/ife/hostels/?p=3","Happyland Hostel listed at 30 Ede Road, Ile-Ife."
"google-location-lead-god-grace-hostel","God Grace Hostel","04/10/2026","Uncertain","Directory","https://ng.worldorgs.com/catalog/ife/apartment-building/wisdomhostel","Related listing names Gods Grace Hostel on an unnamed road in Ife; identity with God Grace not established. Ogbomosho result excluded."
"google-location-lead-de-gold-hostel","De-Gold Hostel","04/10/2026","Found","Directory","https://ng.worldorgs.com/catalog/ife/hostel/degoldhostel","Unifecs Road, Ife."
"google-location-lead-peace-hostel","Peace Hostel","04/10/2026","Uncertain","Directory","https://nigeria.worldplaces.me/review/232375461-peace-hostel-mbabi-mbayo-off-oau-road-7-ile-ife.html","Road 7 result conflicts with project's Road 3 address; other Ife directory entries also differ."
"google-location-lead-alfa-hostel","Alfa Hostel","04/10/2026","Found","Directory","https://ng.worldorgs.com/catalog/ife/hostel/alfahostel","Ife directory match."
